time_utc,synthetic_role,requested_state,http_response
2026-10-03T03:02:23.336790+00:00,bob,home,204
2026-10-03T03:02:38.377427+00:00,bob,away,204
2026-10-03T03:02:39.435164+00:00,bob,home,204
2026-10-03T03:02:40.376841+00:00,bob,away,204
2026-10-03T03:02:47.970946+00:00,bob,hidden,204
2026-10-03T03:02:50.937411+00:00,alice,home,204
2026-10-03T03:02:51.115218+00:00,bob,home,204
2026-10-03T03:02:54.042463+00:00,alice,away,204
2026-10-03T03:02:54.253379+00:00,bob,away,204
2026-10-03T03:02:57.169874+00:00,alice,hidden,204
2026-10-03T03:02:57.417594+00:00,bob,hidden,204
2026-10-03T03:03:26.367603+00:00,bob,away,204
